id,terrestrial_date,sol,ls,month,min_temp,pressure
2,1,10,155,6,-75.0,739.0
13,2,11,156,6,-76.0,740.0
24,3,12,156,6,-76.0,741.0
35,4,13,157,6,-74.0,732.0
46,5,14,157,6,-74.0,740.0
57,6,15,158,6,-78.0,740.0
68,7,16,158,6,-77.0,740.0
79,8,17,159,6,-76.0,742.0
112,9,21,161,6,-74.0,741.0
114,10,22,162,6,-74.0,742.0
123,11,23,162,6,-75.0,741.0
134,12,24,163,6,-75.0,742.0
145,13,25,163,6,-75.0,743.0
156,14,26,164,6,-76.0,745.0
163,15,27,164,6,-75.0,743.0
170,16,28,165,6,-75.0,745.0
171,17,29,166,6,-75.0,747.0
172,18,30,166,6,-74.0,747.0
173,19,31,167,6,-74.0,745.0
175,20,33,168,6,-73.0,748.0
176,21,34,168,6,-73.0,748.0
177,22,35,169,6,-73.0,749.0
178,23,36,169,6,-73.0,750.0
179,24,37,170,6,-73.0,750.0
180,25,38,171,6,-73.0,750.0
181,26,39,171,6,-75.0,751.0
182,27,40,172,6,-75.0,753.0
183,28,41,172,6,-75.0,753.0
184,29,42,173,6,-75.0,754.0
185,30,43,173,6,-74.0,756.0
186,31,44,174,6,-75.0,757.0
187,32,45,175,6,-74.0,758.0
188,33,46,175,6,-74.0,758.0
189,34,47,176,6,-75.0,758.0
190,35,48,176,6,-75.0,759.0
191,36,49,177,6,-74.0,761.0
192,37,50,177,6,-72.0,761.0
193,38,51,178,6,-76.0,762.0
194,39,52,179,6,-74.0,762.0
195,40,53,179,6,-71.0,764.0
196,41,54,180,7,-72.0,766.0
197,42,55,180,7,-74.0,766.0
198,43,56,181,7,-73.0,768.0
199,44,57,181,7,-73.0,769.0
200,45,58,182,7,-74.0,769.0
201,46,59,183,7,-76.0,771.0
202,47,60,183,7,-75.0,772.0
203,48,61,184,7,-72.0,772.0
204,49,62,184,7,-72.0,774.0
205,50,63,185,7,-73.0,775.0
206,51,64,186,7,-74.0,776.0
207,52,65,186,7,-72.0,777.0
208,53,66,187,7,-73.0,778.0
209,54,67,187,7,-73.0,780.0
210,55,68,188,7,-71.0,781.0
211,56,69,189,7,-73.0,778.0
212,57,70,189,7,-72.0,783.0
213,58,71,190,7,-71.0,784.0
214,59,72,190,7,-73.0,785.0
215,60,73,191,7,-70.0,788.0
216,61,74,192,7,-72.0,790.0
217,62,75,192,7,-73.0,791.0
218,63,76,193,7,-73.0,792.0
219,64,77,193,7,-71.0,792.0
220,65,78,194,7,-71.0,793.0
221,66,79,195,7,-73.0,795.0
222,67,80,195,7,-70.0,796.0
223,68,81,196,7,-72.0,798.0
224,69,82,196,7,-72.0,799.0
225,70,83,197,7,-72.0,801.0
226,71,84,198,7,-70.0,801.0
227,72,85,198,7,-71.0,805.0
228,73,86,199,7,-71.0,808.0
229,74,87,199,7,-70.0,808.0
230,75,88,200,7,-70.0,811.0
231,76,89,201,7,-73.0,813.0
233,77,90,201,7,-71.0,813.0
234,78,91,202,7,-74.0,817.0
235,79,92,202,7,-74.0,820.0
236,80,93,203,7,-72.0,819.0
237,81,94,204,7,-70.0,822.0
238,82,95,204,7,-68.0,822.0
239,83,96,205,7,-71.0,826.0
240,84,97,206,7,-68.0,828.0
241,85,98,206,7,-68.0,828.0
242,86,99,207,7,-68.0,829.0
3,87,100,207,7,-66.0,829.0
4,88,101,208,7,-65.0,830.0
5,89,102,209,7,-67.0,833.0
6,90,103,209,7,-66.0,836.0
7,91,104,210,8,-67.0,838.0
8,92,105,211,8,-66.0,839.0
9,93,106,211,8,-66.0,841.0
10,94,107,212,8,-66.0,844.0
11,95,108,212,8,-65.0,845.0
12,96,109,213,8,-64.0,844.0
14,97,110,214,8,-65.0,848.0
15,98,111,214,8,-66.0,849.0
16,99,112,215,8,-65.0,852.0
17,100,113,216,8,-66.0,857.0
18,101,114,216,8,-69.0,857.0
19,102,115,217,8,-66.0,857.0
20,103,116,217,8,-67.0,859.0
21,104,117,218,8,-66.0,861.0
22,105,118,219,8,-65.0,864.0
23,106,119,219,8,-66.0,866.0
25,107,120,220,8,-67.0,867.0
26,108,121,221,8,-66.0,869.0
27,109,122,221,8,-65.0,869.0
28,110,123,222,8,-66.0,875.0
29,111,124,223,8,-66.0,876.0
30,112,125,223,8,-68.0,880.0
31,113,126,224,8,-66.0,880.0
32,114,127,224,8,-67.0,884.0
33,115,128,225,8,-67.0,883.0
34,116,129,226,8,-65.0,886.0
36,117,130,226,8,-65.0,888.0
37,118,131,227,8,-65.0,889.0
38,119,132,228,8,-65.0,890.0
39,120,133,228,8,-65.0,891.0
40,121,134,229,8,-67.0,893.0
41,122,135,230,8,-65.0,894.0
42,123,136,230,8,-65.0,897.0
43,124,137,231,8,-64.0,896.0
44,125,138,232,8,-65.0,899.0
45,126,139,232,8,-66.0,899.0
47,127,140,233,8,-66.0,903.0
48,128,141,233,8,-64.0,904.0
49,129,142,234,8,-65.0,906.0
50,130,143,235,8,-63.0,908.0
51,131,144,235,8,-64.0,907.0
52,132,145,236,8,-64.0,909.0
53,133,146,237,8,-65.0,908.0
54,134,147,237,8,-65.0,914.0
55,135,148,238,8,-65.0,912.0
56,136,149,239,8,-65.0,914.0
58,137,150,239,8,-64.0,913.0
59,138,151,240,9,-65.0,915.0
60,139,152,241,9,-63.0,914.0
61,140,153,241,9,-65.0,915.0
62,141,154,242,9,-65.0,917.0
63,142,155,243,9,-64.0,917.0
64,143,156,243,9,-65.0,922.0
65,144,157,244,9,-64.0,920.0
66,145,158,245,9,-66.0,922.0
67,146,159,245,9,-65.0,918.0
69,147,160,246,9,-67.0,919.0
70,148,161,246,9,-65.0,919.0
71,149,162,247,9,-65.0,919.0
72,150,163,248,9,-65.0,919.0
73,151,164,248,9,-64.0,919.0
74,152,165,249,9,-65.0,922.0
75,153,166,250,9,-65.0,922.0
76,154,167,250,9,-65.0,920.0
77,155,168,251,9,-66.0,923.0
78,156,169,252,9,-66.0,922.0
80,157,170,252,9,-66.0,925.0
81,158,171,253,9,-67.0,925.0
82,159,172,254,9,-67.0,923.0
83,160,173,254,9,-67.0,920.0
84,161,174,255,9,-67.0,921.0
85,162,175,256,9,-68.0,921.0
86,163,176,256,9,-67.0,920.0
87,164,177,257,9,-66.0,921.0
88,165,178,258,9,-66.0,920.0
89,166,179,258,9,-66.0,920.0
91,167,180,259,9,-67.0,919.0
92,168,181,260,9,-67.0,918.0
93,169,182,260,9,-67.0,921.0
94,170,183,261,9,-67.0,921.0
95,171,184,261,9,-67.0,923.0
96,172,185,262,9,-67.0,923.0
97,173,186,263,9,-66.0,922.0
98,174,187,263,9,-67.0,921.0
99,175,188,264,9,-68.0,920.0
100,176,189,265,9,-68.0,920.0
102,177,190,265,9,-66.0,917.0
103,178,191,266,9,-67.0,921.0
106,179,196,269,9,-66.0,916.0
107,180,197,270,10,-68.0,915.0
108,181,198,271,10,-67.0,914.0
109,182,199,271,10,-66.0,917.0
116,183,223,287,10,-71.0,895.0
117,184,224,287,10,-69.0,894.0
118,185,225,288,10,-71.0,894.0
119,186,226,288,10,-70.0,894.0
120,187,227,289,10,-70.0,892.0
121,188,228,290,10,-71.0,894.0
122,189,229,290,10,-69.0,894.0
124,190,230,291,10,-69.0,888.0
125,191,231,292,10,-71.0,890.0
126,192,232,292,10,-69.0,888.0
127,193,233,293,10,-69.0,889.0
128,194,234,293,10,-69.0,890.0
129,195,235,294,10,-70.0,886.0
130,196,236,295,10,-72.0,886.0
131,197,237,295,10,-71.0,883.0
132,198,238,296,10,-70.0,885.0
133,199,239,297,10,-73.0,885.0
135,200,240,297,10,-70.0,884.0
136,201,241,298,10,-72.0,884.0
137,202,242,298,10,-70.0,881.0
138,203,243,299,10,-71.0,884.0
139,204,244,300,11,-69.0,878.0
140,205,245,300,11,-70.0,879.0
141,206,246,301,11,-73.0,878.0
142,207,247,301,11,-71.0,873.0
143,208,248,302,11,-70.0,877.0
144,209,249,303,11,-69.0,873.0
146,210,250,303,11,-70.0,877.0
147,211,251,304,11,-71.0,876.0
148,212,252,304,11,-71.0,874.0
149,213,253,305,11,-71.0,877.0
150,214,254,306,11,-70.0,871.0
151,215,255,306,11,-69.0,877.0
152,216,256,307,11,-70.0,871.0
153,217,257,308,11,-70.0,871.0
154,218,258,308,11,-71.0,869.0
155,219,259,309,11,-72.0,871.0
157,220,260,309,11,-70.0,875.0
158,221,261,310,11,-70.0,868.0
161,222,268,314,11,-70.0,864.0
162,223,269,315,11,-72.0,866.0
164,224,270,315,11,-67.0,863.0
165,225,271,316,11,-69.0,864.0
166,226,272,316,11,-71.0,864.0
167,227,273,317,11,-70.0,861.0
168,228,274,318,11,-70.0,861.0
169,229,275,318,11,-67.0,860.0
244,230,276,319,11,-69.0,858.0
245,231,277,319,11,-69.0,857.0
246,232,278,320,11,-67.0,855.0
247,233,279,321,11,-68.0,856.0
248,234,280,321,11,-69.0,856.0
249,235,281,322,11,-68.0,855.0
250,236,282,322,11,-72.0,856.0
251,237,283,323,11,-68.0,854.0
252,238,284,323,11,-71.0,854.0
253,239,285,324,11,-70.0,852.0
254,240,286,325,11,-71.0,854.0
255,241,287,325,11,-72.0,856.0
256,242,288,326,11,-69.0,854.0
257,243,289,326,11,-71.0,854.0
258,244,290,327,11,-71.0,853.0
259,245,291,327,11,-70.0,853.0
260,246,292,328,11,-71.0,853.0
261,247,293,329,11,-72.0,850.0
262,248,294,329,11,-72.0,852.0
263,249,295,330,12,-71.0,853.0
264,250,296,330,12,-71.0,850.0
265,251,297,331,12,-72.0,849.0
266,252,298,331,12,-72.0,850.0
267,253,299,332,12,-71.0,849.0
286,254,300,333,12,-72.0,852.0
276,255,301,333,12,-73.0,852.0
287,256,302,334,12,-71.0,850.0
283,257,303,334,12,-71.0,849.0
281,258,304,335,12,-70.0,848.0
275,259,305,335,12,-71.0,847.0
280,260,306,336,12,-71.0,848.0
279,261,307,336,12,-72.0,851.0
282,262,308,337,12,-73.0,850.0
284,263,309,338,12,-72.0,848.0
278,264,310,338,12,-71.0,849.0
277,265,311,339,12,-74.0,846.0
285,266,312,339,12,-71.0,845.0
274,267,313,340,12,-77.0,849.0
272,268,314,340,12,-73.0,848.0
273,269,315,341,12,-74.0,850.0
288,270,316,341,12,-74.0,851.0
268,271,317,342,12,-72.0,849.0
270,272,318,342,12,-74.0,849.0
271,273,319,343,12,-73.0,847.0
269,274,320,344,12,-74.0,846.0
289,275,321,344,12,-75.0,847.0
291,276,322,345,12,-74.0,849.0
290,277,323,345,12,-74.0,847.0
292,278,324,346,12,-75.0,850.0
294,279,325,346,12,-74.0,847.0
295,280,326,347,12,-72.0,848.0
296,281,327,347,12,-74.0,848.0
293,282,328,348,12,-75.0,847.0
298,283,329,348,12,-74.0,847.0
297,284,330,349,12,-75.0,848.0
303,285,331,349,12,-74.0,848.0
300,286,332,350,12,-76.0,849.0
299,287,333,350,12,-75.0,849.0
301,288,334,351,12,-74.0,852.0
302,289,335,352,12,-76.0,852.0
305,290,336,352,12,-76.0,852.0
304,291,337,353,12,-75.0,853.0
306,292,338,353,12,-78.0,848.0
308,293,339,354,12,-76.0,849.0
307,294,340,354,12,-76.0,851.0
310,295,341,355,12,-77.0,852.0
309,296,342,355,12,-76.0,851.0
311,297,343,356,12,-77.0,850.0
317,298,344,356,12,-77.0,851.0
312,299,345,357,12,-77.0,853.0
314,300,346,357,12,-76.0,853.0
313,301,347,358,12,-77.0,851.0
315,302,348,358,12,-74.0,850.0
316,303,349,359,12,-75.0,852.0
318,304,350,359,12,-76.0,853.0
320,305,351,0,1,-75.0,853.0
319,306,352,0,1,-77.0,854.0
323,307,353,1,1,-75.0,855.0
322,308,354,1,1,-75.0,857.0
321,309,355,2,1,-75.0,857.0
324,310,356,2,1,-77.0,856.0
325,311,357,3,1,-76.0,857.0
326,312,366,7,1,-76.0,861.0
328,313,367,8,1,-76.0,862.0
330,314,368,8,1,-77.0,863.0
331,315,369,9,1,-75.0,865.0
332,316,370,9,1,-79.0,865.0
333,317,371,10,1,-77.0,865.0
334,318,372,10,1,-76.0,866.0
335,319,373,11,1,-79.0,866.0
337,320,374,11,1,-79.0,866.0
336,321,375,12,1,-77.0,867.0
340,322,376,12,1,-78.0,870.0
338,323,377,13,1,-78.0,870.0
339,324,378,13,1,-78.0,869.0
341,325,379,14,1,-79.0,870.0
343,326,380,14,1,-79.0,870.0
345,327,381,15,1,-79.0,871.0
344,328,382,15,1,-76.0,872.0
342,329,383,16,1,-77.0,874.0
346,330,384,16,1,-77.0,875.0
351,331,385,17,1,-78.0,874.0
347,332,386,17,1,-77.0,873.0
349,333,387,18,1,-78.0,874.0
350,334,388,18,1,-79.0,875.0
348,335,389,19,1,-79.0,875.0
352,336,390,19,1,-78.0,875.0
353,337,391,20,1,-78.0,875.0
354,338,392,20,1,-77.0,876.0
355,339,393,21,1,-76.0,877.0
356,340,394,21,1,-79.0,878.0
357,341,395,22,1,-77.0,878.0
358,342,396,22,1,-78.0,879.0
359,343,397,23,1,-75.0,880.0
360,344,398,23,1,-79.0,880.0
361,345,399,24,1,-79.0,881.0
363,346,400,24,1,-79.0,881.0
362,347,401,25,1,-79.0,882.0
365,348,402,25,1,-78.0,883.0
364,349,403,25,1,-80.0,883.0
367,350,404,26,1,-78.0,884.0
366,351,405,26,1,-82.0,885.0
374,352,406,27,1,-81.0,886.0
370,353,407,27,1,-81.0,887.0
369,354,408,28,1,-80.0,887.0
368,355,409,28,1,-81.0,887.0
373,356,410,29,1,-81.0,888.0
372,357,411,29,1,-82.0,887.0
371,358,412,30,2,-80.0,888.0
376,359,413,30,2,-82.0,888.0
375,360,414,31,2,-79.0,889.0
377,361,415,31,2,-82.0,890.0
378,362,416,32,2,-79.0,889.0
379,363,417,32,2,-82.0,890.0
380,364,418,33,2,-79.0,891.0
381,365,419,33,2,-82.0,891.0
385,366,420,33,2,-80.0,892.0
382,367,421,34,2,-81.0,890.0
384,368,422,34,2,-82.0,891.0
383,369,423,35,2,-81.0,892.0
386,370,424,35,2,-81.0,893.0
393,371,425,36,2,-81.0,893.0
388,372,426,36,2,-79.0,893.0
392,373,427,37,2,-81.0,893.0
391,374,428,37,2,-81.0,894.0
387,375,429,38,2,-82.0,895.0
390,376,430,38,2,-82.0,896.0
389,377,431,39,2,-83.0,895.0
395,378,432,39,2,-80.0,896.0
394,379,433,40,2,-81.0,895.0
397,380,434,40,2,-80.0,896.0
396,381,435,40,2,-81.0,896.0
398,382,436,41,2,-81.0,897.0
399,383,437,41,2,-82.0,898.0
400,384,438,42,2,-79.0,899.0
401,385,439,42,2,-80.0,899.0
404,386,440,43,2,-80.0,899.0
402,387,441,43,2,-81.0,900.0
405,388,442,44,2,-80.0,900.0
403,389,443,44,2,-81.0,901.0
407,390,455,50,2,-84.0,905.0
406,391,456,50,2,-83.0,905.0
409,392,463,53,2,-86.0,906.0
410,393,464,54,2,-84.0,906.0
412,394,465,54,2,-85.0,906.0
415,395,466,55,2,-85.0,907.0
411,396,467,55,2,-84.0,907.0
414,397,468,55,2,-85.0,907.0
413,398,469,56,2,-85.0,908.0
475,399,470,56,2,-85.0,907.0
479,400,471,57,2,-84.0,906.0
416,401,472,57,2,-84.0,907.0
417,402,473,58,2,-86.0,907.0
420,403,474,58,2,-84.0,906.0
419,404,475,59,2,-85.0,906.0
418,405,476,59,2,-85.0,906.0
421,406,477,60,3,-85.0,907.0
422,407,486,64,3,-84.0,904.0
473,408,487,64,3,-85.0,904.0
480,409,488,64,3,-87.0,903.0
423,410,489,65,3,-85.0,904.0
434,411,490,65,3,-87.0,903.0
433,412,491,66,3,-86.0,903.0
427,413,492,66,3,-86.0,903.0
426,414,493,67,3,-84.0,902.0
429,415,494,67,3,-85.0,902.0
431,416,495,68,3,-86.0,900.0
428,417,496,68,3,-85.0,901.0
425,418,497,69,3,-86.0,901.0
424,419,498,69,3,-86.0,901.0
432,420,499,69,3,-84.0,899.0
430,421,500,70,3,-85.0,897.0
435,422,501,70,3,-86.0,898.0
437,423,502,71,3,-87.0,898.0
483,424,503,71,3,-86.0,897.0
436,425,504,72,3,-85.0,895.0
438,426,505,72,3,-85.0,895.0
439,427,506,73,3,-86.0,894.0
440,428,507,73,3,-85.0,894.0
442,429,508,73,3,-83.0,893.0
443,430,509,74,3,-86.0,895.0
441,431,510,74,3,-85.0,892.0
446,432,511,75,3,-85.0,892.0
444,433,512,75,3,-86.0,890.0
445,434,513,76,3,-86.0,889.0
447,435,514,76,3,-86.0,888.0
450,436,515,77,3,-86.0,888.0
449,437,516,77,3,-86.0,888.0
448,438,517,77,3,-86.0,885.0
451,439,518,78,3,-85.0,885.0
452,440,519,78,3,-86.0,884.0
453,441,520,79,3,-86.0,884.0
454,442,521,79,3,-87.0,882.0
455,443,522,80,3,-85.0,881.0
458,444,523,80,3,-85.0,881.0
457,445,524,81,3,-85.0,880.0
456,446,525,81,3,-87.0,878.0
459,447,526,82,3,-87.0,878.0
460,448,527,82,3,-86.0,877.0
461,449,528,82,3,-86.0,876.0
462,450,529,83,3,-87.0,875.0
463,451,530,83,3,-87.0,873.0
465,452,531,84,3,-87.0,872.0
464,453,532,84,3,-88.0,872.0
466,454,533,85,3,-87.0,871.0
467,455,534,85,3,-86.0,869.0
468,456,535,86,3,-88.0,868.0
470,457,536,86,3,-83.0,867.0
469,458,537,86,3,-83.0,865.0
472,459,538,87,3,-85.0,865.0
476,460,539,87,3,-85.0,864.0
481,461,540,88,3,-84.0,862.0
482,462,541,88,3,-84.0,861.0
477,463,542,89,3,-85.0,859.0
486,464,543,89,3,-84.0,858.0
487,465,544,90,4,-86.0,857.0
490,466,545,90,4,-85.0,856.0
489,467,546,91,4,-85.0,855.0
488,468,547,91,4,-85.0,853.0
491,469,548,91,4,-86.0,852.0
492,470,549,92,4,-87.0,851.0
494,471,550,92,4,-85.0,850.0
495,472,551,93,4,-85.0,848.0
493,473,552,93,4,-86.0,847.0
496,474,553,94,4,-84.0,845.0
497,475,554,94,4,-84.0,843.0
499,476,555,95,4,-85.0,843.0
501,477,556,95,4,-85.0,842.0
498,478,557,96,4,-85.0,840.0
500,479,558,96,4,-85.0,839.0
502,480,559,96,4,-85.0,838.0
503,481,560,97,4,-86.0,836.0
504,482,561,97,4,-85.0,835.0
506,483,562,98,4,-85.0,834.0
505,484,563,98,4,-87.0,833.0
509,485,564,99,4,-86.0,831.0
508,486,565,99,4,-85.0,830.0
507,487,566,100,4,-86.0,829.0
510,488,567,100,4,-86.0,827.0
511,489,568,101,4,-86.0,825.0
512,490,569,101,4,-85.0,825.0
513,491,570,102,4,-84.0,823.0
515,492,571,102,4,-84.0,821.0
514,493,572,102,4,-85.0,820.0
516,494,573,103,4,-84.0,819.0
517,495,574,103,4,-85.0,817.0
518,496,575,104,4,-82.0,816.0
520,497,576,104,4,-84.0,815.0
519,498,577,105,4,-84.0,813.0
521,499,578,105,4,-83.0,812.0
522,500,579,106,4,-82.0,811.0
523,501,580,106,4,-83.0,810.0
524,502,581,107,4,-84.0,808.0
525,503,582,107,4,-84.0,807.0
526,504,583,108,4,-82.0,806.0
528,505,584,108,4,-82.0,804.0
527,506,585,109,4,-83.0,802.0
529,507,586,109,4,-82.0,802.0
530,508,587,109,4,-85.0,801.0
532,509,588,110,4,-84.0,799.0
531,510,589,110,4,-85.0,798.0
535,511,590,111,4,-82.0,797.0
533,512,591,111,4,-82.0,795.0
534,513,592,112,4,-83.0,795.0
536,514,593,112,4,-83.0,795.0
537,515,594,113,4,-83.0,793.0
538,516,595,113,4,-83.0,792.0
539,517,596,114,4,-82.0,791.0
540,518,597,114,4,-84.0,790.0
542,519,598,115,4,-84.0,787.0
543,520,599,115,4,-84.0,788.0
541,521,600,116,4,-81.0,787.0
544,522,601,116,4,-82.0,785.0
545,523,602,117,4,-82.0,784.0
548,524,603,117,4,-83.0,783.0
546,525,604,118,4,-84.0,782.0
547,526,605,118,4,-83.0,781.0
549,527,606,118,4,-84.0,780.0
550,528,607,119,4,-83.0,779.0
551,529,608,119,4,-85.0,777.0
552,530,609,120,5,-84.0,777.0
554,531,610,120,5,-85.0,776.0
555,532,611,121,5,-84.0,775.0
553,533,612,121,5,-85.0,774.0
556,534,613,122,5,-84.0,773.0
557,535,614,122,5,-82.0,772.0
558,536,615,123,5,-83.0,771.0
559,537,616,123,5,-82.0,769.0
561,538,617,124,5,-84.0,769.0
562,539,618,124,5,-83.0,769.0
560,540,619,125,5,-82.0,766.0
563,541,620,125,5,-83.0,765.0
564,542,621,126,5,-82.0,765.0
565,543,622,126,5,-84.0,763.0
566,544,623,127,5,-83.0,763.0
568,545,624,127,5,-82.0,762.0
569,546,625,128,5,-81.0,761.0
567,547,626,128,5,-82.0,760.0
570,548,627,129,5,-82.0,759.0
571,549,628,129,5,-81.0,759.0
572,550,629,130,5,-84.0,759.0
573,551,630,130,5,-82.0,757.0
576,552,631,131,5,-81.0,756.0
575,553,632,131,5,-79.0,755.0
574,554,633,132,5,-81.0,754.0
577,555,634,132,5,-82.0,753.0
578,556,635,133,5,-82.0,754.0
582,557,636,133,5,-81.0,752.0
580,558,637,134,5,-80.0,752.0
579,559,638,134,5,-80.0,751.0
581,560,639,135,5,-80.0,750.0
583,561,640,135,5,-81.0,750.0
584,562,641,136,5,-81.0,749.0
585,563,642,136,5,-80.0,749.0
586,564,643,137,5,-80.0,748.0
588,565,644,137,5,-80.0,748.0
589,566,645,138,5,-81.0,746.0
587,567,646,138,5,-81.0,746.0
590,568,647,139,5,-79.0,746.0
591,569,648,139,5,-80.0,746.0
592,570,649,140,5,-79.0,745.0
593,571,650,140,5,-80.0,743.0
595,572,651,141,5,-80.0,743.0
594,573,652,141,5,-79.0,745.0
596,574,653,142,5,-80.0,744.0
597,575,654,142,5,-79.0,742.0
598,576,655,143,5,-77.0,741.0
599,577,656,143,5,-80.0,740.0
600,578,657,144,5,-79.0,739.0
602,579,658,144,5,-79.0,739.0
603,580,659,145,5,-77.0,738.0
601,581,660,145,5,-78.0,735.0
604,582,661,146,5,-76.0,735.0
605,583,662,146,5,-77.0,735.0
609,584,663,147,5,-77.0,734.0
607,585,664,147,5,-78.0,732.0
610,586,665,148,5,-78.0,735.0
608,587,666,148,5,-77.0,736.0
606,588,667,149,5,-76.0,736.0
611,589,668,150,6,-75.0,734.0
613,590,669,150,6,-84.0,735.0
612,591,670,151,6,-79.0,737.0
614,592,671,151,6,-79.0,740.0
615,593,672,152,6,-78.0,739.0
616,594,673,152,6,-78.0,738.0
617,595,674,153,6,-80.0,739.0
618,596,675,153,6,-80.0,740.0
619,597,676,154,6,-80.0,738.0
622,598,677,154,6,-78.0,737.0
621,599,678,155,6,-77.0,739.0
624,600,679,155,6,-77.0,738.0
620,601,680,156,6,-76.0,740.0
623,602,681,156,6,-79.0,738.0
625,603,682,157,6,-77.0,739.0
626,604,683,158,6,-79.0,741.0
627,605,684,158,6,-75.0,741.0
628,606,685,159,6,-77.0,740.0
629,607,686,159,6,-76.0,738.0
630,608,687,160,6,-77.0,739.0
631,609,688,160,6,-77.0,741.0
632,610,689,161,6,-76.0,742.0
633,611,690,161,6,-77.0,741.0
634,612,691,162,6,-76.0,741.0
637,613,692,162,6,-76.0,742.0
636,614,693,163,6,-76.0,741.0
635,615,694,164,6,-75.0,740.0
638,616,695,164,6,-76.0,741.0
639,617,696,165,6,-75.0,743.0
640,618,697,165,6,-74.0,743.0
641,619,698,166,6,-77.0,743.0
642,620,699,166,6,-76.0,744.0
643,621,700,167,6,-75.0,745.0
644,622,701,167,6,-77.0,745.0
645,623,702,168,6,-76.0,745.0
646,624,703,169,6,-75.0,747.0
647,625,704,169,6,-75.0,747.0
648,626,705,170,6,-76.0,746.0
650,627,706,170,6,-76.0,748.0
651,628,707,171,6,-76.0,749.0
649,629,708,171,6,-76.0,749.0
652,630,709,172,6,-73.0,750.0
653,631,710,172,6,-77.0,751.0
654,632,711,173,6,-75.0,751.0
658,633,712,174,6,-77.0,752.0
656,634,713,174,6,-76.0,754.0
655,635,714,175,6,-76.0,754.0
657,636,715,175,6,-73.0,755.0
659,637,716,176,6,-75.0,755.0
661,638,717,176,6,-76.0,756.0
660,639,718,177,6,-77.0,757.0
662,640,719,178,6,-77.0,758.0
663,641,720,178,6,-74.0,760.0
664,642,721,179,6,-73.0,761.0
665,643,722,179,6,-74.0,760.0
666,644,723,180,7,-73.0,761.0
667,645,724,181,7,-74.0,763.0
669,646,725,181,7,-73.0,764.0
668,647,726,182,7,-75.0,766.0
671,648,727,182,7,-76.0,766.0
670,649,728,183,7,-74.0,766.0
672,650,729,183,7,-75.0,768.0
676,651,730,184,7,-76.0,770.0
673,652,731,185,7,-75.0,771.0
677,653,732,185,7,-75.0,773.0
674,654,733,186,7,-74.0,773.0
675,655,734,186,7,-73.0,776.0
678,656,735,187,7,-73.0,776.0
679,657,736,188,7,-76.0,776.0
680,658,737,188,7,-74.0,777.0
681,659,738,189,7,-75.0,778.0
682,660,739,189,7,-77.0,779.0
685,661,740,190,7,-76.0,782.0
683,662,741,191,7,-70.0,784.0
684,663,742,191,7,-72.0,784.0
686,664,743,192,7,-72.0,786.0
687,665,744,192,7,-75.0,786.0
689,666,745,193,7,-74.0,787.0
688,667,746,194,7,-76.0,788.0
691,668,747,194,7,-73.0,789.0
690,669,748,195,7,-71.0,791.0
692,670,749,195,7,-73.0,794.0
693,671,750,196,7,-72.0,796.0
695,672,751,197,7,-72.0,797.0
694,673,752,197,7,-71.0,798.0
698,674,753,198,7,-73.0,800.0
696,675,754,198,7,-73.0,802.0
697,676,755,199,7,-74.0,806.0
699,677,756,200,7,-73.0,806.0
700,678,757,200,7,-73.0,807.0
701,679,758,201,7,-71.0,810.0
702,680,759,201,7,-77.0,809.0
704,681,760,202,7,-70.0,810.0
705,682,761,203,7,-72.0,814.0
703,683,762,203,7,-75.0,814.0
706,684,763,204,7,-78.0,817.0
707,685,764,205,7,-73.0,821.0
708,686,765,205,7,-73.0,820.0
709,687,766,206,7,-70.0,824.0
710,688,767,206,7,-71.0,824.0
712,689,768,207,7,-73.0,826.0
711,690,769,208,7,-73.0,829.0
713,691,770,208,7,-70.0,829.0
714,692,771,209,7,-71.0,836.0
715,693,772,210,8,-71.0,835.0
716,694,773,210,8,-70.0,838.0
719,695,774,211,8,-73.0,838.0
717,696,775,211,8,-71.0,838.0
718,697,776,212,8,-72.0,841.0
720,698,777,213,8,-72.0,841.0
721,699,778,213,8,-70.0,846.0
722,700,779,214,8,-71.0,845.0
723,701,780,215,8,-72.0,852.0
725,702,781,215,8,-74.0,849.0
724,703,782,216,8,-71.0,854.0
727,704,783,216,8,-69.0,853.0
726,705,784,217,8,-69.0,857.0
728,706,785,218,8,-74.0,858.0
729,707,786,218,8,-74.0,861.0
732,708,787,219,8,-73.0,860.0
731,709,788,220,8,-68.0,862.0
730,710,789,220,8,-68.0,862.0
733,711,790,221,8,-68.0,864.0
734,712,791,222,8,-70.0,867.0
735,713,792,222,8,-71.0,873.0
736,714,793,223,8,-71.0,877.0
739,715,794,223,8,-68.0,874.0
738,716,795,224,8,-68.0,875.0
737,717,796,225,8,-65.0,877.0
740,718,797,225,8,-65.0,879.0
741,719,798,226,8,-67.0,883.0
743,720,799,227,8,-70.0,884.0
742,721,800,227,8,-67.0,884.0
746,722,801,228,8,-70.0,884.0
745,723,802,229,8,-69.0,887.0
744,724,803,229,8,-69.0,888.0
747,725,804,230,8,-73.0,891.0
748,726,805,231,8,-70.0,893.0
750,727,806,231,8,-69.0,893.0
749,728,807,232,8,-71.0,892.0
752,729,808,232,8,-67.0,893.0
753,730,809,233,8,-70.0,895.0
751,731,810,234,8,-69.0,897.0
754,732,811,234,8,-71.0,900.0
755,733,812,235,8,-75.0,902.0
756,734,813,236,8,-67.0,904.0
757,735,814,236,8,-68.0,902.0
759,736,815,237,8,-69.0,905.0
758,737,816,238,8,-74.0,909.0
761,738,817,238,8,-69.0,913.0
760,739,818,239,8,-68.0,914.0
763,740,819,240,9,-71.0,913.0
765,741,820,240,9,-68.0,910.0
762,742,821,241,9,-68.0,910.0
764,743,822,242,9,-71.0,911.0
766,744,823,242,9,-69.0,912.0
768,745,824,243,9,-67.0,914.0
767,746,825,243,9,-67.0,914.0
770,747,826,244,9,-68.0,914.0
769,748,827,245,9,-68.0,911.0
771,749,828,245,9,-71.0,914.0
773,750,829,246,9,-71.0,914.0
772,751,830,247,9,-68.0,918.0
774,752,831,247,9,-68.0,920.0
775,753,832,248,9,-68.0,924.0
776,754,833,249,9,-69.0,923.0
777,755,834,249,9,-68.0,918.0
780,756,835,250,9,-69.0,917.0
778,757,836,251,9,-69.0,916.0
779,758,837,251,9,-69.0,916.0
782,759,838,252,9,-69.0,917.0
781,760,839,253,9,-70.0,917.0
783,761,840,253,9,-74.0,913.0
784,762,841,254,9,-75.0,914.0
790,763,842,255,9,-69.0,914.0
793,764,843,255,9,-69.0,916.0
788,765,844,256,9,-68.0,917.0
786,766,845,257,9,-73.0,920.0
785,767,846,257,9,-74.0,925.0
791,768,847,258,9,-69.0,918.0
792,769,848,258,9,-69.0,918.0
787,770,849,259,9,-69.0,918.0
789,771,850,260,9,-68.0,918.0
794,772,851,260,9,-68.0,919.0
797,773,852,261,9,-73.0,916.0
796,774,853,262,9,-67.0,913.0
798,775,854,262,9,-66.0,910.0
799,776,855,263,9,-69.0,912.0
795,777,856,264,9,-68.0,912.0
801,778,857,264,9,-76.0,911.0
800,779,858,265,9,-73.0,913.0
802,780,859,266,9,-72.0,915.0
803,781,860,266,9,-69.0,916.0
804,782,861,267,9,-70.0,917.0
807,783,862,268,9,-70.0,917.0
805,784,863,268,9,-72.0,916.0
806,785,864,269,9,-70.0,914.0
808,786,865,270,10,-70.0,913.0
809,787,866,270,10,-71.0,911.0
810,788,867,271,10,-71.0,910.0
811,789,868,271,10,-71.0,908.0
812,790,869,272,10,-72.0,906.0
813,791,870,273,10,-74.0,909.0
814,792,871,273,10,-70.0,903.0
815,793,872,274,10,-72.0,902.0
817,794,881,280,10,-73.0,899.0
818,795,882,280,10,-76.0,901.0
820,796,883,281,10,-74.0,897.0
821,797,884,282,10,-71.0,897.0
819,798,885,282,10,-71.0,895.0
823,799,886,283,10,-73.0,894.0
822,800,887,284,10,-73.0,897.0
824,801,888,284,10,-70.0,896.0
825,802,889,285,10,-70.0,895.0
826,803,890,286,10,-72.0,892.0
827,804,891,286,10,-72.0,892.0
828,805,892,287,10,-71.0,892.0
829,806,893,287,10,-72.0,890.0
830,807,894,288,10,-75.0,891.0
831,808,895,289,10,-72.0,889.0
833,809,896,289,10,-70.0,888.0
832,810,897,290,10,-72.0,884.0
834,811,898,291,10,-72.0,883.0
835,812,899,291,10,-75.0,881.0
836,813,900,292,10,-70.0,883.0
837,814,901,292,10,-71.0,885.0
838,815,902,293,10,-68.0,883.0
839,816,903,294,10,-71.0,882.0
841,817,904,294,10,-71.0,878.0
840,818,905,295,10,-71.0,880.0
843,819,906,296,10,-76.0,878.0
842,820,907,296,10,-75.0,879.0
844,821,908,297,10,-71.0,883.0
845,822,909,297,10,-70.0,878.0
847,823,910,298,10,-73.0,878.0
846,824,911,299,10,-70.0,874.0
849,825,912,299,10,-75.0,875.0
848,826,913,300,11,-71.0,871.0
850,827,914,300,11,-71.0,874.0
851,828,915,301,11,-71.0,878.0
852,829,916,302,11,-71.0,872.0
854,830,917,302,11,-76.0,871.0
853,831,918,303,11,-71.0,867.0
855,832,919,304,11,-74.0,870.0
856,833,920,304,11,-72.0,868.0
857,834,921,305,11,-70.0,867.0
858,835,922,305,11,-73.0,870.0
859,836,923,306,11,-72.0,867.0
861,837,924,307,11,-74.0,867.0
860,838,925,307,11,-71.0,862.0
862,839,926,308,11,-76.0,864.0
863,840,927,308,11,-76.0,862.0
864,841,928,309,11,-72.0,862.0
865,842,929,310,11,-75.0,866.0
868,843,930,310,11,-75.0,865.0
867,844,931,311,11,-69.0,864.0
866,845,932,311,11,-71.0,859.0
869,846,933,312,11,-71.0,863.0
870,847,934,313,11,-73.0,858.0
872,848,935,313,11,-75.0,862.0
871,849,936,314,11,-72.0,865.0
874,850,937,314,11,-73.0,863.0
876,851,940,316,11,-73.0,861.0
875,852,941,317,11,-74.0,857.0
880,853,942,317,11,-74.0,857.0
877,854,943,318,11,-73.0,854.0
878,855,944,318,11,-70.0,852.0
881,856,945,319,11,-72.0,851.0
879,857,946,320,11,-77.0,850.0
882,858,947,320,11,-70.0,853.0
883,859,948,321,11,-73.0,854.0
884,860,949,321,11,-72.0,851.0
885,861,950,322,11,-73.0,850.0
888,862,951,323,11,-75.0,849.0
886,863,952,323,11,-69.0,847.0
887,864,953,324,11,-71.0,847.0
889,865,954,324,11,-73.0,847.0
892,866,958,327,11,-74.0,848.0
891,867,959,327,11,-78.0,846.0
893,868,960,328,11,-76.0,846.0
895,869,961,328,11,-71.0,849.0
894,870,962,329,11,-73.0,845.0
896,871,963,329,11,-71.0,850.0
897,872,964,330,12,-72.0,847.0
898,873,965,331,12,-75.0,847.0
900,874,966,331,12,-73.0,850.0
899,875,967,332,12,-74.0,844.0
901,876,968,332,12,-71.0,848.0
902,877,969,333,12,-72.0,844.0
903,878,970,333,12,-71.0,849.0
906,879,971,334,12,-71.0,848.0
904,880,972,334,12,-73.0,847.0
905,881,973,335,12,-72.0,844.0
907,882,974,336,12,-73.0,842.0
908,883,975,336,12,-73.0,843.0
909,884,976,337,12,-75.0,842.0
910,885,977,337,12,-75.0,841.0
913,886,978,338,12,-73.0,842.0
912,887,979,338,12,-79.0,841.0
911,888,980,339,12,-73.0,840.0
914,889,981,339,12,-73.0,841.0
917,890,982,340,12,-74.0,840.0
916,891,983,340,12,-76.0,840.0
915,892,984,341,12,-74.0,840.0
918,893,985,342,12,-78.0,840.0
919,894,986,342,12,-74.0,840.0
920,895,987,343,12,-74.0,839.0
922,896,988,343,12,-75.0,840.0
921,897,989,344,12,-74.0,841.0
923,898,990,344,12,-76.0,839.0
926,899,991,345,12,-73.0,840.0
924,900,992,345,12,-73.0,842.0
927,901,993,346,12,-73.0,840.0
925,902,994,346,12,-79.0,842.0
929,903,995,347,12,-74.0,842.0
928,904,996,348,12,-72.0,842.0
930,905,997,348,12,-74.0,843.0
931,906,998,349,12,-73.0,842.0
932,907,1000,350,12,-74.0,841.0
933,908,1001,350,12,-79.0,843.0
936,909,1002,351,12,-77.0,844.0
934,910,1003,351,12,-74.0,843.0
935,911,1004,352,12,-74.0,842.0
939,912,1005,352,12,-75.0,843.0
941,913,1006,353,12,-78.0,844.0
937,914,1007,353,12,-79.0,845.0
940,915,1008,354,12,-79.0,844.0
946,916,1009,354,12,-75.0,845.0
947,917,1010,355,12,-74.0,846.0
948,918,1011,355,12,-78.0,845.0
949,919,1012,356,12,-81.0,846.0
953,920,1013,356,12,-80.0,846.0
950,921,1014,357,12,-77.0,846.0
951,922,1015,357,12,-75.0,847.0
952,923,1016,358,12,-76.0,847.0
955,924,1017,359,12,-78.0,850.0
956,925,1018,359,12,-79.0,850.0
954,926,1019,0,1,-81.0,849.0
938,927,1020,0,1,-63.0,832.0
942,928,1021,1,1,-76.0,850.0
944,929,1022,1,1,-75.0,852.0
943,930,1023,2,1,-76.0,851.0
945,931,1024,2,1,-76.0,851.0
958,932,1025,3,1,-74.0,851.0
957,933,1026,3,1,-78.0,851.0
960,934,1028,4,1,-75.0,853.0
959,935,1029,5,1,-75.0,856.0
961,936,1030,5,1,-77.0,855.0
963,937,1031,6,1,-76.0,854.0
962,938,1032,6,1,-74.0,854.0
965,939,1033,7,1,-77.0,856.0
964,940,1034,7,1,-76.0,859.0
966,941,1035,8,1,-77.0,857.0
967,942,1036,8,1,-76.0,856.0
968,943,1037,9,1,-80.0,856.0
969,944,1038,9,1,-76.0,858.0
970,945,1039,10,1,-77.0,857.0
972,946,1040,10,1,-77.0,858.0
971,947,1041,11,1,-77.0,859.0
973,948,1042,11,1,-76.0,859.0
974,949,1043,12,1,-77.0,860.0
975,950,1044,12,1,-79.0,860.0
978,951,1045,13,1,-80.0,861.0
979,952,1046,13,1,-77.0,862.0
977,953,1047,14,1,-77.0,863.0
976,954,1048,14,1,-78.0,864.0
980,955,1049,15,1,-75.0,864.0
981,956,1050,15,1,-76.0,863.0
983,957,1051,16,1,-76.0,864.0
982,958,1052,16,1,-78.0,865.0
984,959,1053,17,1,-79.0,865.0
985,960,1054,17,1,-77.0,867.0
987,961,1055,17,1,-77.0,868.0
986,962,1056,18,1,-76.0,868.0
988,963,1057,18,1,-78.0,867.0
989,964,1058,19,1,-78.0,868.0
990,965,1059,19,1,-78.0,870.0
992,966,1060,20,1,-78.0,870.0
993,967,1061,20,1,-77.0,871.0
991,968,1062,21,1,-77.0,871.0
994,969,1063,21,1,-79.0,871.0
996,970,1064,22,1,-77.0,871.0
995,971,1065,22,1,-78.0,873.0
997,972,1066,23,1,-78.0,875.0
998,973,1067,23,1,-79.0,875.0
1000,974,1068,24,1,-76.0,874.0
999,975,1069,24,1,-77.0,876.0
1001,976,1070,25,1,-80.0,877.0
1002,977,1071,25,1,-78.0,878.0
1003,978,1072,26,1,-78.0,879.0
1004,979,1073,26,1,-82.0,879.0
1005,980,1074,27,1,-77.0,878.0
1006,981,1075,27,1,-77.0,879.0
1007,982,1076,28,1,-81.0,880.0
1008,983,1077,28,1,-79.0,880.0
1009,984,1078,29,1,-80.0,881.0
1010,985,1079,29,1,-80.0,882.0
1013,986,1080,29,1,-77.0,882.0
1011,987,1081,30,2,-77.0,882.0
1012,988,1082,30,2,-79.0,882.0
1014,989,1083,31,2,-80.0,883.0
1015,990,1084,31,2,-78.0,885.0
1017,991,1085,32,2,-79.0,886.0
1016,992,1086,32,2,-77.0,885.0
1019,993,1087,33,2,-78.0,885.0
1020,994,1088,33,2,-77.0,885.0
1018,995,1089,34,2,-76.0,885.0
1021,996,1090,34,2,-78.0,886.0
1022,997,1091,35,2,-77.0,886.0
1023,998,1092,35,2,-79.0,886.0
1024,999,1093,36,2,-77.0,887.0
1026,1000,1094,36,2,-80.0,888.0
1027,1001,1095,36,2,-79.0,888.0
1025,1002,1096,37,2,-79.0,888.0
1028,1003,1097,37,2,-78.0,889.0
1029,1004,1098,38,2,-77.0,890.0
1030,1005,1099,38,2,-78.0,891.0
1031,1006,1100,39,2,-79.0,890.0
1034,1007,1101,39,2,-80.0,891.0
1032,1008,1102,40,2,-84.0,892.0
1033,1009,1103,40,2,-81.0,893.0
1035,1010,1104,41,2,-79.0,893.0
1036,1011,1105,41,2,-78.0,892.0
1037,1012,1106,42,2,-82.0,893.0
1040,1013,1107,42,2,-79.0,893.0
1038,1014,1108,42,2,-78.0,895.0
1039,1015,1109,43,2,-82.0,895.0
1041,1016,1110,43,2,-81.0,895.0
1042,1017,1111,44,2,-79.0,896.0
1043,1018,1112,44,2,-80.0,895.0
1044,1019,1113,45,2,-79.0,895.0
1045,1020,1114,45,2,-79.0,896.0
1047,1021,1115,46,2,-80.0,897.0
1046,1022,1116,46,2,-79.0,898.0
1048,1023,1117,47,2,-79.0,898.0
1049,1024,1118,47,2,-80.0,898.0
1050,1025,1119,48,2,-81.0,899.0
1051,1026,1120,48,2,-80.0,900.0
1052,1027,1121,48,2,-81.0,901.0
1053,1028,1122,49,2,-79.0,901.0
1054,1029,1123,49,2,-79.0,900.0
1055,1030,1124,50,2,-80.0,900.0
1056,1031,1125,50,2,-79.0,900.0
1057,1032,1126,51,2,-79.0,901.0
1058,1033,1127,51,2,-80.0,901.0
1059,1034,1128,52,2,-79.0,902.0
1060,1035,1129,52,2,-80.0,902.0
1061,1036,1130,53,2,-81.0,902.0
1062,1037,1131,53,2,-81.0,902.0
1063,1038,1132,53,2,-82.0,902.0
1064,1039,1133,54,2,-82.0,902.0
1065,1040,1134,54,2,-80.0,902.0
1069,1041,1135,55,2,-81.0,901.0
1066,1042,1136,55,2,-82.0,901.0
1068,1043,1137,56,2,-81.0,901.0
1067,1044,1138,56,2,-82.0,901.0
1070,1045,1139,57,2,-80.0,901.0
1071,1046,1140,57,2,-81.0,901.0
1072,1047,1141,57,2,-82.0,902.0
1073,1048,1142,58,2,-82.0,902.0
1074,1049,1143,58,2,-82.0,901.0
1075,1050,1144,59,2,-82.0,902.0
1076,1051,1145,59,2,-82.0,903.0
1077,1052,1146,60,3,-82.0,902.0
1078,1053,1147,60,3,-80.0,901.0
1080,1054,1148,61,3,-80.0,901.0
1079,1055,1149,61,3,-81.0,902.0
1081,1056,1150,62,3,-82.0,902.0
1082,1057,1151,62,3,-82.0,901.0
1086,1058,1152,62,3,-80.0,901.0
1083,1059,1153,63,3,-82.0,900.0
1088,1060,1154,63,3,-84.0,900.0
1084,1061,1155,64,3,-84.0,900.0
1085,1062,1156,64,3,-84.0,900.0
1087,1063,1157,65,3,-82.0,900.0
1089,1064,1158,65,3,-82.0,898.0
1090,1065,1159,66,3,-82.0,898.0
1091,1066,1160,66,3,-80.0,899.0
1092,1067,1161,66,3,-83.0,898.0
1093,1068,1162,67,3,-84.0,897.0
1094,1069,1163,67,3,-86.0,896.0
1095,1070,1164,68,3,-86.0,896.0
1096,1071,1165,68,3,-84.0,897.0
1097,1072,1166,69,3,-84.0,895.0
1098,1073,1167,69,3,-84.0,894.0
1102,1074,1168,70,3,-84.0,894.0
1100,1075,1169,70,3,-89.0,894.0
1101,1076,1170,71,3,-85.0,893.0
1099,1077,1171,71,3,-87.0,892.0
1104,1078,1172,71,3,-87.0,892.0
1103,1079,1173,72,3,-87.0,892.0
1105,1080,1174,72,3,-85.0,891.0
1106,1081,1175,73,3,-85.0,890.0
1107,1082,1176,73,3,-84.0,890.0
1108,1083,1177,74,3,-84.0,888.0
1109,1084,1178,74,3,-86.0,888.0
1110,1085,1179,75,3,-85.0,887.0
1111,1086,1180,75,3,-86.0,886.0
1112,1087,1181,75,3,-86.0,885.0
1114,1088,1182,76,3,-85.0,884.0
1113,1089,1183,76,3,-86.0,883.0
1115,1090,1184,77,3,-85.0,882.0
1116,1091,1185,77,3,-84.0,881.0
1117,1092,1186,78,3,-86.0,881.0
1118,1093,1187,78,3,-84.0,881.0
1119,1094,1188,79,3,-90.0,881.0
1120,1095,1189,79,3,-87.0,879.0
1121,1096,1190,79,3,-87.0,877.0
1122,1097,1191,80,3,-87.0,876.0
1123,1098,1192,80,3,-86.0,876.0
1124,1099,1193,81,3,-84.0,875.0
1125,1100,1194,81,3,-84.0,873.0
1126,1101,1195,82,3,-86.0,872.0
1129,1102,1196,82,3,-86.0,871.0
1127,1103,1197,83,3,-85.0,869.0
1128,1104,1198,83,3,-86.0,868.0
1130,1105,1199,84,3,-86.0,868.0
1131,1106,1200,84,3,-84.0,866.0
1132,1107,1201,84,3,-85.0,866.0
1133,1108,1202,85,3,-85.0,864.0
1136,1109,1203,85,3,-85.0,863.0
1135,1110,1204,86,3,-84.0,862.0
1134,1111,1205,86,3,-86.0,861.0
1137,1112,1206,87,3,-85.0,859.0
1138,1113,1207,87,3,-85.0,858.0
1139,1114,1208,88,3,-85.0,857.0
1141,1115,1209,88,3,-85.0,855.0
1140,1116,1210,88,3,-85.0,854.0
1142,1117,1211,89,3,-83.0,853.0
1143,1118,1212,89,3,-86.0,851.0
1145,1119,1213,90,4,-84.0,851.0
1144,1120,1214,90,4,-85.0,849.0
1146,1121,1215,91,4,-85.0,848.0
1147,1122,1216,91,4,-86.0,847.0
1148,1123,1217,92,4,-88.0,846.0
1149,1124,1218,92,4,-86.0,845.0
1150,1125,1219,93,4,-87.0,844.0
1151,1126,1220,93,4,-87.0,842.0
1152,1127,1221,93,4,-87.0,841.0
1153,1128,1222,94,4,-87.0,840.0
1155,1129,1223,94,4,-88.0,839.0
1154,1130,1224,95,4,-88.0,837.0
1156,1131,1225,95,4,-87.0,836.0
1157,1132,1226,96,4,-87.0,835.0
1158,1133,1227,96,4,-88.0,833.0
1159,1134,1228,97,4,-88.0,832.0
1160,1135,1229,97,4,-88.0,831.0
1161,1136,1230,98,4,-88.0,830.0
1162,1137,1231,98,4,-88.0,828.0
1163,1138,1232,99,4,-88.0,827.0
1164,1139,1233,99,4,-88.0,826.0
1166,1140,1234,99,4,-88.0,824.0
1165,1141,1235,100,4,-88.0,824.0
1170,1142,1236,100,4,-87.0,822.0
1169,1143,1237,101,4,-88.0,820.0
1167,1144,1238,101,4,-87.0,819.0
1168,1145,1239,102,4,-89.0,818.0
1171,1146,1240,102,4,-87.0,816.0
1172,1147,1241,103,4,-87.0,816.0
1173,1148,1242,103,4,-87.0,815.0
1174,1149,1243,104,4,-86.0,814.0
1175,1150,1244,104,4,-85.0,812.0
1176,1151,1245,105,4,-86.0,811.0
1178,1152,1246,105,4,-85.0,810.0
1177,1153,1247,105,4,-85.0,809.0
1179,1154,1248,106,4,-86.0,807.0
1180,1155,1249,106,4,-85.0,806.0
1182,1156,1250,107,4,-85.0,804.0
1185,1157,1251,107,4,-85.0,803.0
1184,1158,1252,108,4,-85.0,802.0
1181,1159,1253,108,4,-85.0,800.0
1183,1160,1254,109,4,-84.0,799.0
1187,1161,1255,109,4,-84.0,798.0
1186,1162,1256,110,4,-84.0,797.0
1188,1163,1257,110,4,-84.0,794.0
1189,1164,1258,111,4,-83.0,794.0
1190,1165,1259,111,4,-84.0,794.0
1191,1166,1260,112,4,-83.0,792.0
1192,1167,1261,112,4,-81.0,790.0
1193,1168,1262,112,4,-81.0,790.0
1194,1169,1263,113,4,-84.0,788.0
1195,1170,1264,113,4,-84.0,787.0
1197,1171,1265,114,4,-81.0,787.0
1196,1172,1266,114,4,-82.0,787.0
1198,1173,1267,115,4,-83.0,786.0
1199,1174,1268,115,4,-83.0,784.0
1201,1175,1269,116,4,-83.0,782.0
1200,1176,1270,116,4,-82.0,782.0
1202,1177,1271,117,4,-84.0,781.0
1203,1178,1272,117,4,-81.0,780.0
1204,1179,1273,118,4,-79.0,778.0
1205,1180,1274,118,4,-82.0,777.0
1206,1181,1275,119,4,-82.0,775.0
1207,1182,1276,119,4,-83.0,774.0
1208,1183,1277,120,5,-84.0,774.0
1210,1184,1278,120,5,-83.0,773.0
1209,1185,1279,121,5,-83.0,772.0
1211,1186,1280,121,5,-84.0,771.0
1212,1187,1281,122,5,-83.0,769.0
1213,1188,1282,122,5,-81.0,768.0
1214,1189,1283,123,5,-82.0,767.0
1216,1190,1284,123,5,-80.0,767.0
1217,1191,1285,123,5,-80.0,766.0
1215,1192,1286,124,5,-80.0,765.0
1218,1193,1287,124,5,-80.0,764.0
1219,1194,1288,125,5,-80.0,763.0
1220,1195,1291,126,5,-80.0,760.0
1222,1196,1292,127,5,-81.0,760.0
1221,1197,1293,127,5,-81.0,758.0
1223,1198,1294,128,5,-79.0,758.0
1224,1199,1295,128,5,-79.0,757.0
1226,1200,1296,129,5,-79.0,756.0
1225,1201,1297,129,5,-80.0,755.0
1229,1202,1298,130,5,-79.0,755.0
1228,1203,1299,130,5,-80.0,753.0
1227,1204,1300,131,5,-79.0,752.0
1230,1205,1301,131,5,-78.0,752.0
1231,1206,1302,132,5,-80.0,751.0
1232,1207,1303,132,5,-78.0,751.0
1233,1208,1304,133,5,-80.0,750.0
1235,1209,1305,133,5,-80.0,749.0
1234,1210,1306,134,5,-79.0,748.0
1236,1211,1307,134,5,-80.0,748.0
1237,1212,1308,135,5,-81.0,748.0
1238,1213,1309,135,5,-81.0,747.0
1239,1214,1310,136,5,-76.0,745.0
1240,1215,1311,136,5,-78.0,745.0
1243,1216,1312,137,5,-77.0,745.0
1241,1217,1313,137,5,-77.0,745.0
1242,1218,1314,138,5,-78.0,744.0
1244,1219,1315,138,5,-77.0,744.0
1245,1220,1316,139,5,-80.0,744.0
1246,1221,1317,139,5,-80.0,743.0
1247,1222,1318,140,5,-80.0,743.0
1248,1223,1319,140,5,-78.0,742.0
1250,1224,1320,141,5,-77.0,741.0
1249,1225,1321,141,5,-77.0,740.0
1251,1226,1322,142,5,-78.0,740.0
1252,1227,1323,142,5,-77.0,738.0
1253,1228,1324,143,5,-78.0,738.0
1256,1229,1325,144,5,-78.0,738.0
1254,1230,1326,144,5,-77.0,738.0
1255,1231,1327,145,5,-76.0,736.0
1257,1232,1328,145,5,-77.0,735.0
1258,1233,1329,146,5,-74.0,735.0
1259,1234,1330,146,5,-78.0,734.0
1260,1235,1331,147,5,-76.0,734.0
1262,1236,1332,147,5,-78.0,734.0
1263,1237,1333,148,5,-76.0,733.0
1261,1238,1334,148,5,-77.0,732.0
1264,1239,1335,149,5,-77.0,732.0
1265,1240,1336,149,5,-75.0,732.0
1266,1241,1337,150,6,-76.0,734.0
1267,1242,1338,150,6,-75.0,734.0
1268,1243,1339,151,6,-77.0,733.0
1269,1244,1340,151,6,-76.0,734.0
1270,1245,1341,152,6,-76.0,735.0
1271,1246,1342,152,6,-80.0,735.0
1272,1247,1343,153,6,-74.0,735.0
1273,1248,1344,153,6,-75.0,734.0
1276,1249,1345,154,6,-75.0,735.0
1274,1250,1346,155,6,-75.0,737.0
1277,1251,1347,155,6,-75.0,736.0
1275,1252,1348,156,6,-76.0,735.0
1278,1253,1349,156,6,-73.0,737.0
1279,1254,1350,157,6,-73.0,738.0
1280,1255,1351,157,6,-72.0,739.0
1283,1256,1352,158,6,-73.0,736.0
1281,1257,1353,158,6,-76.0,737.0
1282,1258,1354,159,6,-75.0,739.0
1284,1259,1355,159,6,-75.0,740.0
1286,1260,1356,160,6,-74.0,739.0
1285,1261,1357,160,6,-72.0,738.0
1287,1262,1358,161,6,-74.0,738.0
1288,1263,1359,162,6,-76.0,739.0
1289,1264,1360,162,6,-76.0,739.0
1290,1265,1361,163,6,-75.0,739.0
1291,1266,1362,163,6,-74.0,739.0
1292,1267,1363,164,6,-75.0,740.0
1293,1268,1364,164,6,-74.0,740.0
1294,1269,1365,165,6,-74.0,739.0
1295,1270,1366,165,6,-75.0,740.0
1296,1271,1367,166,6,-74.0,743.0
1297,1272,1368,167,6,-74.0,743.0
1299,1273,1369,167,6,-73.0,742.0
1298,1274,1370,168,6,-74.0,744.0
1301,1275,1371,168,6,-75.0,746.0
1300,1276,1372,169,6,-74.0,745.0
1303,1277,1373,169,6,-74.0,746.0
1302,1278,1374,170,6,-75.0,748.0
1304,1279,1375,170,6,-73.0,749.0
1305,1280,1376,171,6,-75.0,749.0
1306,1281,1377,172,6,-76.0,749.0
1308,1282,1378,172,6,-76.0,751.0
1307,1283,1379,173,6,-77.0,751.0
1311,1284,1380,173,6,-74.0,751.0
1309,1285,1381,174,6,-73.0,751.0
1310,1286,1382,174,6,-76.0,752.0
1312,1287,1383,175,6,-73.0,752.0
1313,1288,1384,176,6,-74.0,753.0
1314,1289,1385,176,6,-75.0,755.0
1315,1290,1386,177,6,-74.0,755.0
1316,1291,1387,177,6,-74.0,755.0
1317,1292,1388,178,6,-73.0,756.0
1318,1293,1398,184,7,-66.0,751.0
1319,1294,1399,184,7,-73.0,770.0
1322,1295,1400,185,7,-73.0,770.0
1321,1296,1401,185,7,-73.0,770.0
1320,1297,1402,186,7,-75.0,771.0
1323,1298,1403,187,7,-75.0,771.0
1324,1299,1404,187,7,-75.0,774.0
1325,1300,1405,188,7,-75.0,775.0
1328,1301,1406,188,7,-76.0,775.0
1329,1302,1407,189,7,-74.0,779.0
1327,1303,1408,190,7,-75.0,779.0
1326,1304,1409,190,7,-74.0,781.0
1330,1305,1410,191,7,-72.0,782.0
1331,1306,1411,191,7,-72.0,782.0
1333,1307,1412,192,7,-78.0,784.0
1332,1308,1413,193,7,-72.0,784.0
1336,1309,1414,193,7,-73.0,785.0
1334,1310,1415,194,7,-72.0,787.0
1335,1311,1416,194,7,-72.0,791.0
1337,1312,1417,195,7,-70.0,791.0
1338,1313,1418,196,7,-73.0,793.0
1339,1314,1419,196,7,-73.0,793.0
1340,1315,1420,197,7,-71.0,793.0
1343,1316,1421,197,7,-72.0,797.0
1342,1317,1422,198,7,-72.0,798.0
1341,1318,1423,199,7,-71.0,800.0
1344,1319,1424,199,7,-72.0,803.0
1345,1320,1425,200,7,-72.0,804.0
1346,1321,1426,200,7,-71.0,803.0
1347,1322,1427,201,7,-72.0,807.0
1348,1323,1428,202,7,-72.0,808.0
1349,1324,1429,202,7,-70.0,810.0
1351,1325,1430,203,7,-69.0,810.0
1350,1326,1431,204,7,-69.0,811.0
1352,1327,1432,204,7,-71.0,813.0
1353,1328,1433,205,7,-70.0,818.0
1356,1329,1434,205,7,-70.0,818.0
1355,1330,1435,206,7,-71.0,823.0
1354,1331,1436,207,7,-72.0,825.0
1357,1332,1437,207,7,-71.0,821.0
1358,1333,1438,208,7,-68.0,823.0
1360,1334,1439,208,7,-71.0,828.0
1359,1335,1440,209,7,-70.0,828.0
1361,1336,1441,210,8,-74.0,828.0
1362,1337,1442,210,8,-68.0,829.0
1363,1338,1443,211,8,-69.0,831.0
1364,1339,1444,212,8,-69.0,833.0
1365,1340,1445,212,8,-69.0,836.0
1366,1341,1446,213,8,-70.0,841.0
1367,1342,1447,214,8,-74.0,841.0
1369,1343,1448,214,8,-69.0,841.0
1368,1344,1449,215,8,-71.0,841.0
1370,1345,1450,215,8,-69.0,842.0
1371,1346,1451,216,8,-71.0,842.0
1373,1347,1452,217,8,-74.0,845.0
1372,1348,1453,217,8,-73.0,850.0
1374,1349,1454,218,8,-69.0,854.0
1377,1350,1455,219,8,-70.0,858.0
1376,1351,1456,219,8,-69.0,859.0
1375,1352,1457,220,8,-69.0,860.0
1378,1353,1458,220,8,-69.0,859.0
1379,1354,1459,221,8,-71.0,861.0
1380,1355,1460,222,8,-70.0,865.0
1382,1356,1461,222,8,-69.0,870.0
1381,1357,1462,223,8,-68.0,871.0
1383,1358,1463,224,8,-68.0,871.0
1384,1359,1464,224,8,-71.0,871.0
1385,1360,1465,225,8,-68.0,870.0
1386,1361,1466,226,8,-67.0,873.0
1387,1362,1467,226,8,-69.0,877.0
1388,1363,1468,227,8,-70.0,879.0
1389,1364,1469,228,8,-72.0,881.0
1391,1365,1470,228,8,-70.0,879.0
1392,1366,1471,229,8,-71.0,880.0
1390,1367,1472,229,8,-68.0,879.0
1393,1368,1473,230,8,-67.0,881.0
1394,1369,1474,231,8,-68.0,889.0
1396,1370,1475,231,8,-72.0,890.0
1395,1371,1476,232,8,-69.0,888.0
1397,1372,1477,233,8,-72.0,888.0
1399,1373,1478,233,8,-68.0,887.0
1398,1374,1479,234,8,-66.0,890.0
1400,1375,1480,235,8,-68.0,893.0
1401,1376,1481,235,8,-70.0,893.0
1403,1377,1482,236,8,-68.0,893.0
1402,1378,1483,237,8,-68.0,892.0
1404,1379,1484,237,8,-68.0,895.0
1405,1380,1485,238,8,-71.0,899.0
1406,1381,1486,239,8,-71.0,901.0
1407,1382,1487,239,8,-68.0,901.0
1408,1383,1488,240,9,-69.0,902.0
1410,1384,1489,240,9,-68.0,903.0
1411,1385,1490,241,9,-66.0,904.0
1409,1386,1491,242,9,-69.0,906.0
1412,1387,1492,242,9,-68.0,910.0
1413,1388,1493,243,9,-70.0,905.0
1414,1389,1494,244,9,-70.0,904.0
1416,1390,1495,244,9,-71.0,903.0
1415,1391,1496,245,9,-72.0,906.0
1417,1392,1497,246,9,-68.0,909.0
1418,1393,1498,246,9,-68.0,907.0
1419,1394,1499,247,9,-69.0,903.0
1420,1395,1500,248,9,-70.0,903.0
1421,1396,1501,248,9,-69.0,903.0
1422,1397,1502,249,9,-69.0,907.0
1424,1398,1503,250,9,-70.0,909.0
1423,1399,1504,250,9,-69.0,910.0
1425,1400,1505,251,9,-69.0,906.0
1426,1401,1506,252,9,-71.0,907.0
1427,1402,1507,252,9,-70.0,907.0
1428,1403,1508,253,9,-70.0,907.0
1430,1404,1509,254,9,-70.0,910.0
1431,1405,1510,254,9,-70.0,908.0
1429,1406,1511,255,9,-77.0,908.0
1432,1407,1512,255,9,-78.0,906.0
1433,1408,1513,256,9,-74.0,907.0
1434,1409,1514,257,9,-73.0,906.0
1435,1410,1515,257,9,-76.0,906.0
1436,1411,1516,258,9,-71.0,909.0
1437,1412,1517,259,9,-76.0,911.0
1438,1413,1518,259,9,-78.0,909.0
1440,1414,1519,260,9,-72.0,906.0
1439,1415,1520,261,9,-73.0,905.0
1441,1416,1521,261,9,-71.0,905.0
1442,1417,1522,262,9,-71.0,905.0
1443,1418,1523,263,9,-77.0,905.0
1444,1419,1524,263,9,-76.0,904.0
1445,1420,1525,264,9,-74.0,902.0
1446,1421,1526,265,9,-72.0,900.0
1449,1422,1527,265,9,-71.0,900.0
1450,1423,1528,266,9,-72.0,898.0
1451,1424,1529,267,9,-73.0,900.0
1452,1425,1530,267,9,-71.0,899.0
1447,1426,1531,268,9,-76.0,900.0
1448,1427,1532,268,9,-72.0,900.0
1453,1428,1533,269,9,-72.0,896.0
1454,1429,1534,270,10,-73.0,898.0
1455,1430,1535,270,10,-73.0,900.0
1456,1431,1536,271,10,-71.0,901.0
1458,1432,1537,272,10,-74.0,900.0
1457,1433,1538,272,10,-73.0,898.0
1459,1434,1539,273,10,-74.0,896.0
1460,1435,1540,274,10,-72.0,896.0
1461,1436,1541,274,10,-76.0,895.0
1462,1437,1542,275,10,-73.0,895.0
1464,1438,1543,276,10,-74.0,896.0
1463,1439,1544,276,10,-71.0,894.0
1465,1440,1545,277,10,-73.0,891.0
1467,1441,1546,277,10,-73.0,889.0
1466,1442,1547,278,10,-75.0,887.0
1468,1443,1548,279,10,-76.0,887.0
1469,1444,1549,279,10,-76.0,887.0
1472,1445,1550,280,10,-71.0,888.0
1471,1446,1551,281,10,-71.0,886.0
1470,1447,1552,281,10,-74.0,886.0
1474,1448,1553,282,10,-77.0,884.0
1473,1449,1554,283,10,-70.0,882.0
1477,1450,1555,283,10,-71.0,883.0
1478,1451,1556,284,10,-72.0,883.0
1475,1452,1557,284,10,-70.0,883.0
1476,1453,1558,285,10,-72.0,880.0
1484,1454,1559,286,10,-76.0,879.0
1482,1455,1560,286,10,-76.0,877.0
1485,1456,1561,287,10,-77.0,877.0
1479,1457,1562,288,10,-73.0,877.0
1483,1458,1563,288,10,-75.0,879.0
1481,1459,1564,289,10,-70.0,877.0
1480,1460,1565,290,10,-72.0,874.0
1487,1461,1566,290,10,-76.0,876.0
1486,1462,1567,291,10,-70.0,872.0
1488,1463,1568,291,10,-71.0,876.0
1492,1464,1569,292,10,-70.0,873.0
1491,1465,1570,293,10,-71.0,873.0
1490,1466,1571,293,10,-70.0,873.0
1489,1467,1572,294,10,-81.0,869.0
1493,1468,1573,295,10,-74.0,872.0
1495,1469,1574,295,10,-72.0,868.0
1494,1470,1575,296,10,-73.0,871.0
1496,1471,1576,296,10,-72.0,869.0
1498,1472,1577,297,10,-72.0,866.0
1499,1473,1578,298,10,-74.0,868.0
1500,1474,1579,298,10,-73.0,862.0
1497,1475,1580,299,10,-72.0,867.0
1501,1476,1581,299,10,-72.0,862.0
1503,1477,1582,300,11,-74.0,862.0
1502,1478,1583,301,11,-75.0,862.0
1505,1479,1584,301,11,-77.0,860.0
1506,1480,1585,302,11,-76.0,864.0
1504,1481,1586,303,11,-72.0,858.0
1508,1482,1587,303,11,-73.0,860.0
1507,1483,1588,304,11,-72.0,858.0
1510,1484,1589,304,11,-72.0,857.0
1509,1485,1590,305,11,-76.0,860.0
1512,1486,1591,306,11,-73.0,852.0
1511,1487,1592,306,11,-71.0,857.0
1513,1488,1593,307,11,-72.0,852.0
1514,1489,1594,307,11,-74.0,855.0
1515,1490,1595,308,11,-71.0,855.0
1516,1491,1596,309,11,-74.0,850.0
1517,1492,1597,309,11,-73.0,855.0
1519,1493,1598,310,11,-70.0,849.0
1518,1494,1599,310,11,-72.0,853.0
1520,1495,1600,311,11,-71.0,850.0
1522,1496,1601,312,11,-71.0,853.0
1521,1497,1602,312,11,-77.0,852.0
1523,1498,1603,313,11,-76.0,847.0
1524,1499,1604,313,11,-77.0,850.0
1526,1500,1605,314,11,-73.0,846.0
1525,1501,1606,315,11,-75.0,850.0
1528,1502,1607,315,11,-77.0,846.0
1527,1503,1608,316,11,-72.0,847.0
1529,1504,1609,316,11,-71.0,847.0
1534,1505,1613,319,11,-72.0,846.0
1533,1506,1614,319,11,-73.0,837.0
1536,1507,1615,320,11,-73.0,842.0
1535,1508,1616,320,11,-73.0,848.0
1537,1509,1617,321,11,-72.0,840.0
1540,1510,1618,322,11,-71.0,845.0
1538,1511,1619,322,11,-73.0,841.0
1539,1512,1620,323,11,-70.0,844.0
1541,1513,1621,323,11,-73.0,842.0
1542,1514,1622,324,11,-71.0,841.0
1544,1515,1623,324,11,-71.0,840.0
1543,1516,1624,325,11,-72.0,837.0
1546,1517,1625,326,11,-71.0,839.0
1545,1518,1626,326,11,-71.0,839.0
1547,1519,1627,327,11,-72.0,838.0
1549,1520,1628,327,11,-71.0,839.0
1548,1521,1629,328,11,-74.0,837.0
1551,1522,1630,328,11,-77.0,838.0
1550,1523,1631,329,11,-77.0,837.0
1552,1524,1632,330,12,-72.0,836.0
1554,1525,1633,330,12,-75.0,834.0
1553,1526,1634,331,12,-72.0,834.0
1555,1527,1635,331,12,-73.0,833.0
1556,1528,1636,332,12,-72.0,834.0
1557,1529,1637,332,12,-73.0,833.0
1559,1530,1638,333,12,-73.0,833.0
1558,1531,1639,334,12,-71.0,832.0
1561,1532,1640,334,12,-72.0,832.0
1560,1533,1641,335,12,-72.0,831.0
1564,1534,1642,335,12,-72.0,829.0
1563,1535,1643,336,12,-74.0,832.0
1562,1536,1644,336,12,-74.0,832.0
1567,1537,1645,337,12,-74.0,832.0
1565,1538,1646,337,12,-74.0,831.0
1566,1539,1647,338,12,-73.0,831.0
1568,1540,1648,339,12,-73.0,830.0
1569,1541,1649,339,12,-74.0,830.0
1570,1542,1650,340,12,-75.0,833.0
1571,1543,1651,340,12,-77.0,833.0
1572,1544,1652,341,12,-76.0,834.0
1573,1545,1653,341,12,-75.0,833.0
1575,1546,1654,342,12,-75.0,829.0
1574,1547,1655,342,12,-76.0,831.0
1576,1548,1656,343,12,-75.0,832.0
1578,1549,1657,343,12,-75.0,836.0
1577,1550,1658,344,12,-77.0,835.0
1579,1551,1659,345,12,-77.0,832.0
1581,1552,1660,345,12,-74.0,832.0
1580,1553,1661,346,12,-75.0,831.0
1583,1554,1662,346,12,-75.0,831.0
1584,1555,1663,347,12,-74.0,832.0
1586,1556,1664,347,12,-74.0,832.0
1585,1557,1665,348,12,-76.0,833.0
1582,1558,1666,348,12,-76.0,834.0
1588,1559,1667,349,12,-76.0,833.0
1587,1560,1668,349,12,-77.0,831.0
1589,1561,1669,350,12,-74.0,833.0
1590,1562,1670,350,12,-76.0,834.0
1591,1563,1671,351,12,-76.0,832.0
1592,1564,1672,351,12,-74.0,833.0
1594,1565,1673,352,12,-75.0,836.0
1593,1566,1674,352,12,-75.0,835.0
1595,1567,1675,353,12,-75.0,835.0
1596,1568,1676,354,12,-76.0,837.0
1597,1569,1677,354,12,-74.0,835.0
1598,1570,1678,355,12,-74.0,836.0
1599,1571,1679,355,12,-75.0,836.0
1601,1572,1680,356,12,-74.0,835.0
1602,1573,1681,356,12,-74.0,837.0
1603,1574,1682,357,12,-76.0,839.0
1600,1575,1683,357,12,-75.0,837.0
1604,1576,1684,358,12,-75.0,837.0
1605,1577,1685,358,12,-77.0,838.0
1607,1578,1686,359,12,-75.0,838.0
1608,1579,1687,359,12,-75.0,838.0
1606,1580,1688,0,1,-76.0,840.0
1610,1581,1689,0,1,-75.0,840.0
1609,1582,1690,1,1,-76.0,840.0
1614,1583,1692,2,1,-62.0,820.0
1612,1584,1693,2,1,-76.0,840.0
1613,1585,1694,3,1,-76.0,840.0
1611,1586,1695,3,1,-77.0,840.0
1615,1587,1696,4,1,-75.0,841.0
1616,1588,1697,4,1,-77.0,841.0
1618,1589,1698,5,1,-77.0,842.0
1617,1590,1699,5,1,-76.0,843.0
1619,1591,1700,6,1,-76.0,842.0
1620,1592,1701,6,1,-76.0,841.0
1621,1593,1702,7,1,-75.0,842.0
1622,1594,1703,7,1,-76.0,843.0
1625,1595,1704,8,1,-77.0,844.0
1623,1596,1705,8,1,-76.0,845.0
1624,1597,1706,9,1,-77.0,845.0
1627,1598,1707,9,1,-77.0,846.0
1626,1599,1708,10,1,-76.0,846.0
1628,1600,1709,10,1,-76.0,847.0
1629,1601,1710,11,1,-76.0,848.0
1631,1602,1711,11,1,-75.0,848.0
1630,1603,1712,12,1,-77.0,849.0
1635,1604,1713,12,1,-75.0,850.0
1633,1605,1714,13,1,-77.0,849.0
1634,1606,1715,13,1,-77.0,851.0
1632,1607,1716,14,1,-76.0,850.0
1636,1608,1717,14,1,-76.0,851.0
1637,1609,1718,15,1,-77.0,852.0
1639,1610,1719,15,1,-77.0,853.0
1638,1611,1720,16,1,-76.0,853.0
1641,1612,1721,16,1,-76.0,852.0
1640,1613,1722,17,1,-77.0,854.0
1642,1614,1723,17,1,-76.0,854.0
1643,1615,1724,18,1,-77.0,856.0
1644,1616,1725,18,1,-79.0,857.0
1645,1617,1726,19,1,-76.0,855.0
1647,1618,1727,19,1,-75.0,855.0
1648,1619,1728,20,1,-76.0,855.0
1646,1620,1729,20,1,-76.0,858.0
1650,1621,1730,21,1,-77.0,858.0
1649,1622,1731,21,1,-78.0,857.0
1651,1623,1732,22,1,-78.0,858.0
1652,1624,1733,22,1,-77.0,859.0
1655,1625,1734,23,1,-78.0,859.0
1653,1626,1735,23,1,-78.0,861.0
1654,1627,1736,23,1,-77.0,860.0
1656,1628,1737,24,1,-78.0,861.0
1657,1629,1738,24,1,-78.0,861.0
1658,1630,1739,25,1,-77.0,861.0
1662,1631,1740,25,1,-78.0,861.0
1659,1632,1741,26,1,-78.0,863.0
1661,1633,1742,26,1,-77.0,865.0
1660,1634,1743,27,1,-78.0,863.0
1663,1635,1744,27,1,-78.0,863.0
1664,1636,1745,28,1,-78.0,865.0
1665,1637,1746,28,1,-76.0,866.0
1666,1638,1747,29,1,-79.0,866.0
1668,1639,1748,29,1,-79.0,867.0
1667,1640,1749,30,2,-76.0,867.0
1669,1641,1750,30,2,-77.0,867.0
1670,1642,1751,31,2,-78.0,867.0
1671,1643,1752,31,2,-80.0,867.0
1672,1644,1753,32,2,-76.0,868.0
1673,1645,1754,32,2,-78.0,870.0
1674,1646,1755,32,2,-77.0,870.0
1675,1647,1756,33,2,-78.0,871.0
1676,1648,1757,33,2,-78.0,871.0
1677,1649,1758,34,2,-78.0,871.0
1678,1650,1759,34,2,-77.0,871.0
1679,1651,1760,35,2,-78.0,872.0
1684,1652,1761,35,2,-77.0,872.0
1687,1653,1762,36,2,-77.0,872.0
1680,1654,1763,36,2,-78.0,873.0
1682,1655,1764,37,2,-79.0,872.0
1690,1656,1765,37,2,-77.0,873.0
1688,1657,1766,38,2,-79.0,873.0
1691,1658,1767,38,2,-77.0,874.0
1683,1659,1768,39,2,-78.0,875.0
1689,1660,1769,39,2,-76.0,875.0
1686,1661,1770,39,2,-79.0,875.0
1692,1662,1771,40,2,-79.0,876.0
1681,1663,1772,40,2,-78.0,876.0
1685,1664,1773,41,2,-78.0,876.0
1693,1665,1774,41,2,-79.0,877.0
1694,1666,1775,42,2,-80.0,877.0
1696,1667,1776,42,2,-79.0,877.0
1695,1668,1777,43,2,-79.0,877.0
1697,1669,1778,43,2,-81.0,877.0
1698,1670,1779,44,2,-78.0,878.0
1699,1671,1780,44,2,-77.0,879.0
1700,1672,1781,45,2,-78.0,879.0
1701,1673,1782,45,2,-78.0,878.0
1703,1674,1783,45,2,-79.0,879.0
1702,1675,1784,46,2,-80.0,883.0
1704,1676,1785,46,2,-77.0,881.0
1705,1677,1787,47,2,-79.0,881.0
1706,1678,1788,48,2,-79.0,881.0
1708,1679,1789,48,2,-79.0,881.0
1707,1680,1790,49,2,-81.0,882.0
1709,1681,1791,49,2,-79.0,882.0
1710,1682,1792,50,2,-80.0,883.0
1711,1683,1793,50,2,-80.0,883.0
1712,1684,1794,50,2,-80.0,883.0
1714,1685,1795,51,2,-81.0,882.0
1715,1686,1796,51,2,-80.0,883.0
1713,1687,1797,52,2,-79.0,884.0
1716,1688,1798,52,2,-79.0,883.0
1717,1689,1799,53,2,-78.0,883.0
1718,1690,1800,53,2,-80.0,883.0
1719,1691,1801,54,2,-80.0,882.0
1722,1692,1802,54,2,-79.0,882.0
1723,1693,1803,55,2,-78.0,882.0
1720,1694,1804,55,2,-78.0,883.0
1721,1695,1805,55,2,-78.0,883.0
1724,1696,1806,56,2,-80.0,884.0
1725,1697,1807,56,2,-78.0,884.0
1726,1698,1808,57,2,-79.0,884.0
1728,1699,1809,57,2,-80.0,884.0
1729,1700,1810,58,2,-78.0,883.0
1727,1701,1811,58,2,-79.0,882.0
1730,1702,1812,59,2,-79.0,882.0
1731,1703,1813,59,2,-80.0,881.0
1732,1704,1814,59,2,-80.0,881.0
1733,1705,1815,60,3,-81.0,881.0
1734,1706,1816,60,3,-82.0,882.0
1735,1707,1817,61,3,-80.0,882.0
1736,1708,1818,61,3,-81.0,881.0
1737,1709,1819,62,3,-82.0,880.0
1738,1710,1820,62,3,-79.0,881.0
1740,1711,1821,63,3,-81.0,882.0
1739,1712,1822,63,3,-78.0,881.0
1743,1713,1823,64,3,-80.0,879.0
1742,1714,1824,64,3,-80.0,879.0
1741,1715,1825,64,3,-80.0,878.0
1744,1716,1826,65,3,-80.0,878.0
1745,1717,1827,65,3,-80.0,879.0
1746,1718,1828,66,3,-80.0,878.0
1749,1719,1829,66,3,-78.0,877.0
1748,1720,1830,67,3,-80.0,877.0
1747,1721,1831,67,3,-80.0,876.0
1750,1722,1832,68,3,-84.0,875.0
1751,1723,1833,68,3,-81.0,875.0
1752,1724,1834,68,3,-80.0,875.0
1753,1725,1835,69,3,-80.0,873.0
1755,1726,1836,69,3,-81.0,873.0
1756,1727,1837,70,3,-81.0,872.0
1754,1728,1838,70,3,-79.0,872.0
1757,1729,1839,71,3,-80.0,872.0
1758,1730,1840,71,3,-77.0,871.0
1759,1731,1841,72,3,-77.0,870.0
1761,1732,1842,72,3,-79.0,869.0
1760,1733,1843,72,3,-80.0,869.0
1762,1734,1844,73,3,-81.0,869.0
1763,1735,1845,73,3,-80.0,868.0
1765,1736,1846,74,3,-80.0,868.0
1764,1737,1847,74,3,-80.0,866.0
1766,1738,1848,75,3,-80.0,865.0
1770,1739,1849,75,3,-80.0,864.0
1768,1740,1850,76,3,-80.0,864.0
1767,1741,1851,76,3,-87.0,864.0
1769,1742,1852,77,3,-80.0,863.0
1771,1743,1853,77,3,-80.0,862.0
1772,1744,1854,77,3,-80.0,861.0
1773,1745,1855,78,3,-78.0,861.0
1774,1746,1856,78,3,-80.0,859.0
1776,1747,1857,79,3,-80.0,858.0
1775,1748,1858,79,3,-81.0,857.0
1779,1749,1859,80,3,-79.0,857.0
1778,1750,1860,80,3,-80.0,857.0
1780,1751,1861,81,3,-79.0,855.0
1777,1752,1862,81,3,-81.0,854.0
1781,1753,1863,81,3,-80.0,853.0
1782,1754,1864,82,3,-82.0,852.0
1783,1755,1865,82,3,-80.0,852.0
1785,1756,1866,83,3,-80.0,850.0
1784,1757,1867,83,3,-78.0,848.0
1786,1758,1868,84,3,-80.0,848.0
1787,1759,1869,84,3,-81.0,846.0
1788,1760,1870,85,3,-81.0,845.0
1789,1761,1871,85,3,-80.0,844.0
1791,1762,1872,86,3,-79.0,843.0
1790,1763,1873,86,3,-79.0,842.0
1792,1764,1874,86,3,-80.0,840.0
1793,1765,1875,87,3,-79.0,839.0
1794,1766,1876,87,3,-79.0,838.0
1797,1767,1877,88,3,-79.0,837.0
1795,1768,1878,88,3,-79.0,835.0
1796,1769,1879,89,3,-79.0,834.0
1798,1770,1880,89,3,-79.0,833.0
1803,1771,1881,90,4,-79.0,832.0
1801,1772,1882,90,4,-78.0,831.0
1800,1773,1883,91,4,-78.0,830.0
1799,1774,1884,91,4,-79.0,829.0
1804,1775,1885,91,4,-79.0,827.0
1805,1776,1886,92,4,-79.0,826.0
1802,1777,1887,92,4,-79.0,824.0
1807,1778,1888,93,4,-79.0,823.0
1806,1779,1889,93,4,-80.0,822.0
1808,1780,1890,94,4,-79.0,821.0
1810,1781,1891,94,4,-80.0,819.0
1809,1782,1892,95,4,-81.0,817.0
1812,1783,1893,95,4,-79.0,816.0
1811,1784,1894,96,4,-79.0,815.0
1814,1785,1895,96,4,-78.0,814.0
1813,1786,1896,96,4,-79.0,812.0
1817,1787,1897,97,4,-80.0,811.0
1816,1788,1898,97,4,-81.0,810.0
1815,1789,1899,98,4,-81.0,808.0
1818,1790,1900,98,4,-81.0,807.0
1819,1791,1901,99,4,-81.0,806.0
1820,1792,1902,99,4,-79.0,804.0
1821,1793,1903,100,4,-78.0,803.0
1822,1794,1904,100,4,-79.0,801.0
1823,1795,1905,101,4,-80.0,800.0
1824,1796,1906,101,4,-79.0,799.0
1825,1797,1907,101,4,-79.0,798.0
1826,1798,1908,102,4,-79.0,796.0
1827,1799,1909,102,4,-80.0,795.0
1828,1800,1910,103,4,-80.0,794.0
1833,1801,1911,103,4,-79.0,792.0
1832,1802,1912,104,4,-80.0,791.0
1830,1803,1913,104,4,-79.0,791.0
1834,1804,1914,105,4,-78.0,790.0
1835,1805,1915,105,4,-78.0,788.0
1829,1806,1916,106,4,-79.0,787.0
1831,1807,1917,106,4,-80.0,786.0
1839,1808,1918,107,4,-77.0,784.0
1836,1809,1919,107,4,-77.0,783.0
1837,1810,1920,108,4,-77.0,782.0
1838,1811,1921,108,4,-78.0,781.0
1840,1812,1922,108,4,-79.0,780.0
1842,1813,1923,109,4,-77.0,778.0
1841,1814,1924,109,4,-78.0,777.0
1844,1815,1925,110,4,-79.0,777.0
1843,1816,1926,110,4,-80.0,775.0
1845,1817,1927,111,4,-79.0,774.0
1847,1818,1928,111,4,-78.0,773.0
1846,1819,1929,112,4,-79.0,771.0
1848,1820,1930,112,4,-79.0,770.0
1849,1821,1931,113,4,-79.0,770.0
1850,1822,1932,113,4,-79.0,768.0
1852,1823,1933,114,4,-78.0,767.0
1851,1824,1934,114,4,-79.0,766.0
1853,1825,1935,115,4,-80.0,765.0
1855,1826,1936,115,4,-79.0,764.0
1854,1827,1937,116,4,-80.0,763.0
1859,1828,1938,116,4,-78.0,762.0
1857,1829,1939,116,4,-78.0,760.0
1858,1830,1940,117,4,-77.0,759.0
1856,1831,1941,117,4,-77.0,758.0
1860,1832,1942,118,4,-78.0,757.0
1863,1833,1943,118,4,-78.0,756.0
1861,1834,1944,119,4,-80.0,755.0
1862,1835,1945,119,4,-78.0,754.0
1864,1836,1946,120,5,-79.0,753.0
1865,1837,1947,120,5,-78.0,751.0
1866,1838,1948,121,5,-78.0,752.0
1867,1839,1949,121,5,-78.0,751.0
1868,1840,1950,122,5,-79.0,750.0
1869,1841,1951,122,5,-77.0,749.0
1871,1842,1952,123,5,-80.0,748.0
1870,1843,1953,123,5,-78.0,747.0
1872,1844,1954,124,5,-77.0,745.0
1873,1845,1955,124,5,-77.0,745.0
1879,1846,1956,125,5,-79.0,744.0
1875,1847,1957,125,5,-77.0,742.0
1874,1848,1958,126,5,-77.0,741.0
1878,1849,1959,126,5,-78.0,740.0
1876,1850,1960,127,5,-78.0,740.0
1877,1851,1961,127,5,-77.0,740.0
1880,1852,1962,128,5,-78.0,738.0
1881,1853,1963,128,5,-77.0,737.0
1882,1854,1964,129,5,-76.0,736.0
1883,1855,1965,129,5,-76.0,735.0
1884,1856,1966,130,5,-77.0,735.0
1885,1857,1967,130,5,-76.0,734.0
1886,1858,1968,131,5,-76.0,732.0
1887,1859,1969,131,5,-76.0,732.0
1888,1860,1970,132,5,-77.0,731.0
1890,1861,1971,132,5,-78.0,731.0
1891,1862,1972,133,5,-78.0,730.0
1889,1863,1973,133,5,-78.0,730.0
1892,1864,1974,134,5,-77.0,729.0
1894,1865,1975,134,5,-76.0,729.0
1893,1866,1976,135,5,-77.0,728.0
1895,1867,1977,135,5,-77.0,727.0
